steps,mean,std,count
2,0.11223164443171427,0.12372001768950171,200
4,0.11157380744697931,0.1220737502717241,200
10,0.11075843414732743,0.12192246152116788,200
